CustomerID,Gender,Age,Tenure,SubscriptionType,MonthlyCharges,TotalCharges,InternetUsageGB,CallsPerMonth,Complaints,PaymentMethod,ContractType,HasDependents,Churn_prediction
0,1,71,55,0,7441.12,432857.59,194.2,129,1,3,0,0,1
1,0,34,42,0,7878.81,314962.48,311.6,129,1,1,0,1,1
2,1,26,34,0,4445.88,157468.63,229.9,56,5,1,0,0,1
3,1,50,30,0,9418.67,266445.96,391.2,116,9,3,0,1,1
4,1,70,13,2,24989.28,294994.91,498.8,117,1,3,0,1,1
5,0,37,13,1,11035.15,134882.14,99.6,18,3,3,1,0,0
6,1,30,18,2,6681.48,112536.59,232.5,88,5,2,1,1,0
7,1,45,32,2,19418.35,601222.94,218.3,164,4,0,0,1,1
8,1,65,39,0,14248.07,546611.62,155.7,24,0,0,0,0,1
9,0,46,46,0,5015.63,231113.0,103.1,28,5,1,0,1,1
10,1,30,29,2,10446.21,301531.65,37.5,99,0,0,1,1,0
11,1,63,62,0,11240.04,664919.91,444.1,189,2,2,0,1,1
12,1,52,62,2,19215.0,1079147.38,212.8,35,9,3,0,0,1
13,1,23,57,2,1985.78,115568.74,251.0,163,4,1,1,0,0
14,0,35,16,2,7821.96,122541.82,458.9,163,9,1,0,0,1
15,1,68,56,0,13663.51,734347.1,389.3,183,4,0,0,0,1
16,0,22,10,0,7817.9,83916.42,69.6,101,9,1,0,0,1
17,0,64,30,2,16268.2,512130.42,284.9,186,5,3,2,1,0
18,0,42,25,0,12823.89,343536.98,223.9,91,9,1,1,1,0
19,1,19,5,2,10000.19,49950.78,399.6,190,7,3,1,0,0
20,0,27,65,2,23806.4,1433195.42,363.5,140,4,2,0,1,1
21,1,73,49,1,16355.75,832883.37,346.8,51,10,2,0,1,1
22,0,47,3,0,4553.62,12857.8,173.6,28,0,3,2,1,1
23,0,67,45,1,14662.15,652041.46,403.5,26,4,0,2,1,0
24,0,62,14,2,19847.2,253686.95,30.9,170,2,1,0,0,1
25,0,22,30,0,18149.51,579910.43,84.0,85,3,0,1,0,1
26,0,72,68,0,5544.1,348794.81,171.1,186,7,1,0,1,1
27,0,73,18,2,24351.87,473671.9,43.0,193,6,2,0,1,1
28,0,50,62,0,12047.12,801331.77,121.3,72,10,2,1,0,0
29,0,71,37,0,5237.09,192399.75,415.9,140,4,2,0,1,1
30,1,18,25,0,5734.6,150371.77,474.4,116,1,1,2,1,0
31,1,35,48,1,3808.52,187176.09,155.8,58,5,2,0,1,1
32,0,49,65,2,20382.68,1405181.62,135.9,64,10,2,0,0,1
33,0,64,53,2,4367.72,228331.88,143.5,163,5,2,2,0,0
34,0,66,15,0,4440.44,70413.95,142.5,108,9,2,2,1,1
35,1,28,49,0,21486.08,1044912.69,22.8,61,9,0,0,1,1
36,0,38,68,2,9598.2,710239.3,463.8,109,10,2,0,1,1
37,1,43,12,2,2225.16,26629.14,110.8,126,5,2,1,1,0
38,1,42,59,0,2719.54,159253.29,212.9,127,8,0,0,1,1
39,1,39,37,2,4841.01,189329.63,9.8,16,10,0,2,1,0
40,1,44,61,1,6514.74,422958.08,429.7,55,7,1,2,0,0
41,1,66,43,2,17130.94,744658.09,366.9,55,7,3,0,0,1
42,0,30,70,2,5197.17,340503.87,473.6,109,0,2,0,1,1
43,0,50,39,1,4293.55,166368.68,391.9,153,4,2,0,0,1
44,0,51,56,0,19470.9,1192444.88,160.3,161,6,2,2,1,0
45,0,58,63,2,17269.8,1143047.06,127.7,198,5,1,0,1,1
46,0,52,46,1,11730.12,573165.29,350.4,63,4,2,0,0,1
47,1,18,11,0,14408.78,143687.47,185.2,71,7,3,0,0,1
48,0,38,62,2,8831.62,544040.66,285.3,138,2,0,0,1,1
49,0,65,25,2,12838.76,330381.17,8.1,58,5,1,0,1,1
50,1,72,71,2,13406.81,1014714.04,35.6,34,4,0,0,0,1
51,0,23,52,2,10600.08,501515.71,270.0,19,7,2,2,0,0
52,1,45,4,1,22804.45,97647.54,285.2,127,3,2,2,1,0
53,0,34,59,2,1877.45,111841.82,377.0,153,7,2,1,1,0
54,1,22,72,0,19881.02,1344778.46,70.3,195,9,3,0,1,1
55,0,48,20,1,4423.0,85226.88,259.0,166,1,3,0,0,1
56,0,22,63,0,20242.36,1219649.0,101.3,101,8,1,1,1,0
57,1,55,54,0,15973.93,867915.97,51.1,143,8,0,0,0,1
58,1,20,57,2,21317.04,1106124.51,208.2,153,9,2,2,1,0
59,1,70,41,2,3791.59,144838.72,85.9,157,9,2,1,0,0
60,1,40,3,2,14636.04,46654.07,114.8,89,5,2,0,0,1
61,1,54,6,1,13275.57,73800.55,162.2,80,3,2,2,0,1
62,1,70,5,2,18095.54,85653.36,133.4,87,3,3,2,0,0
63,1,54,5,2,14055.83,69623.74,48.4,52,5,0,0,1,1
64,1,27,54,0,14207.26,769819.04,49.5,163,4,0,0,0,1
65,0,27,47,1,11595.5,573721.44,100.7,99,5,1,0,0,1
66,0,36,49,1,8757.61,424602.72,30.0,87,6,3,0,0,1
67,1,34,9,2,12833.21,122194.7,315.1,170,6,2,0,1,1
68,0,38,20,0,4284.57,87719.65,147.2,35,8,0,0,1,1
69,0,31,61,0,24095.56,1356093.7,143.5,130,7,0,2,1,0
70,0,26,35,0,18288.65,596106.11,169.3,54,5,3,0,1,1
71,0,63,50,0,23882.98,1179110.78,333.1,72,5,1,0,1,1
72,1,18,62,0,6828.09,414611.38,436.0,189,4,1,1,1,0
73,0,68,17,1,22164.51,395150.0,380.7,77,0,2,0,0,1
74,1,62,3,2,20506.56,62513.06,365.1,163,8,1,1,0,0
75,0,30,32,0,17413.08,544751.7,244.8,11,8,0,0,0,1
76,0,21,13,0,16188.19,196589.0,348.4,151,8,1,0,1,1
77,0,18,68,0,8938.92,574638.33,278.6,117,10,2,0,0,1
78,1,66,14,0,20685.65,293972.11,112.0,39,7,0,1,0,1
79,0,57,11,0,13285.61,143903.95,108.3,58,9,1,0,1,1
80,1,49,56,0,3165.95,177822.51,151.7,149,2,1,1,0,1
81,0,51,67,2,8852.28,554038.34,455.8,53,0,3,0,1,1
82,1,45,29,1,23479.48,703089.65,276.0,170,10,2,0,0,1
83,0,48,9,0,21490.99,207056.44,368.3,22,7,1,0,1,1
84,1,25,67,2,24574.78,1566799.24,176.5,87,6,3,2,1,0
85,1,56,25,1,16257.84,405756.2,206.8,135,4,0,2,1,0
86,0,43,42,0,7316.49,336517.78,67.2,107,9,3,0,0,1
87,1,75,9,0,5326.15,46336.63,89.8,35,6,3,0,0,1
88,0,51,40,1,5892.49,240180.08,414.5,158,9,1,0,1,1
89,0,71,25,0,1965.2,45103.26,294.5,165,3,1,0,1,1
90,0,71,5,2,10681.03,54537.5,172.1,57,8,1,0,0,1
91,0,20,11,2,5998.55,60568.5,402.4,177,10,3,2,0,0
92,0,67,59,0,11173.9,719811.22,127.0,75,9,0,2,1,0
93,0,29,38,0,23472.37,930422.12,488.1,96,1,2,0,0,1
94,0,18,72,2,11617.69,884681.3,175.7,88,8,3,0,0,1
95,0,71,5,0,22132.64,115180.57,172.0,32,8,1,1,0,1
96,0,61,48,0,15729.36,768558.53,159.4,90,4,2,1,1,0
97,0,22,18,2,7307.59,130218.96,65.4,57,10,0,0,1,1
98,0,47,70,2,9862.59,739864.16,60.0,133,0,2,0,0,1
99,1,47,37,0,3472.11,140205.83,325.8,139,6,1,0,1,1
100,1,74,60,1,9336.37,560074.22,438.2,93,9,3,0,0,1
101,0,34,48,0,17422.21,908441.7,396.3,29,9,3,0,0,1
102,0,65,28,1,3194.61,90939.89,74.8,196,3,1,0,1,1
103,0,64,69,2,6326.93,439909.56,275.1,55,8,3,1,1,0
104,0,40,40,2,10463.86,414744.11,57.3,140,5,1,0,1,1
105,0,32,45,2,24578.16,1041710.65,27.4,192,2,3,0,0,1
106,0,54,62,1,19944.25,1113809.05,329.9,21,5,3,0,0,1
107,0,38,58,0,18736.94,1030559.29,269.9,49,9,3,1,1,0
108,0,31,67,2,4230.49,283994.02,45.6,75,5,0,1,1,0
109,1,19,56,0,19853.4,1085098.53,22.3,109,4,0,0,1,1
110,0,28,40,0,19953.82,789929.47,494.9,87,1,1,0,0,1
111,1,68,40,0,15625.91,685120.93,19.9,25,9,0,2,0,1
112,0,56,33,1,24773.5,793044.27,225.0,92,9,1,0,0,1
113,0,55,6,1,9143.47,54336.16,254.8,171,1,2,0,1,1
114,1,51,19,0,23619.9,415884.06,63.1,53,6,2,0,1,1
115,0,55,40,0,22996.18,836685.24,88.7,143,1,0,0,0,1
116,1,67,59,2,1769.8,110169.75,179.1,109,5,2,0,1,1
117,0,51,59,2,12077.74,722660.24,382.0,31,4,2,2,1,0
118,0,35,48,0,24461.95,1235396.14,256.0,27,3,3,1,1,0
119,1,47,41,2,3923.35,149592.92,320.8,21,6,3,0,1,1
120,0,32,13,2,14372.94,189532.44,492.7,189,7,1,2,0,0
121,1,44,45,1,24505.5,1048413.47,385.2,132,3,2,0,1,1
122,0,68,53,0,14554.14,729416.46,220.0,126,0,1,0,0,1
123,1,51,42,2,5960.66,225890.05,226.0,60,0,1,0,0,1
124,1,69,63,2,15181.31,885712.44,311.3,80,0,2,1,1,0
125,0,74,27,2,6304.35,163724.27,334.4,57,10,0,0,0,1
126,0,55,38,2,13713.05,481167.32,252.9,28,0,2,0,0,1
127,1,50,60,2,3239.99,213289.52,324.2,15,4,3,1,1,0
128,0,41,7,0,15728.84,105887.9,16.6,93,3,2,1,0,1
129,0,32,5,1,13644.56,63178.73,217.7,164,8,0,1,0,0
130,0,47,45,2,18893.79,799051.27,143.1,62,2,1,0,0,1
131,1,72,58,0,16321.46,963249.44,68.9,116,6,1,0,0,1
132,1,59,31,2,14415.75,407923.48,54.3,110,10,3,0,0,1
133,1,68,23,0,17709.8,436851.13,303.6,57,7,3,0,0,1
134,1,34,42,0,4882.63,223998.45,264.2,144,5,3,2,0,0
135,1,22,10,1,15490.95,147063.25,130.5,196,9,1,0,0,1
136,1,46,32,2,5544.6,175656.31,238.1,78,0,3,0,1,1
137,1,21,53,2,23249.77,1114469.01,248.7,20,7,2,1,1,0
138,1,27,30,0,3105.85,95797.65,101.5,152,9,1,0,1,1
139,1,73,39,2,11613.81,445141.35,327.8,140,2,0,0,0,1
140,0,34,31,0,17851.24,527939.04,391.6,131,7,1,1,0,0
141,1,27,2,0,12263.52,23088.96,396.8,78,3,2,1,0,1
142,0,34,12,1,3664.24,45325.39,303.2,32,7,2,1,1,0
143,0,37,39,2,14504.41,556193.25,258.3,190,10,3,0,1,1
144,0,41,66,2,16578.35,1024069.59,35.2,46,0,1,0,1,1
145,1,22,13,0,18039.12,243378.1,147.5,18,2,1,1,0,0
146,1,51,46,1,10271.61,478643.31,51.2,24,5,1,0,1,1
147,1,23,27,2,14746.01,426702.77,482.1,140,8,0,0,1,1
148,1,70,17,2,12091.13,189823.7,71.9,102,1,3,1,0,0
149,0,19,60,2,17293.32,1096880.69,80.1,26,10,2,0,1,1
150,1,30,64,0,15213.59,1007459.37,445.3,163,0,2,1,0,0
151,1,60,35,0,13855.27,447595.56,472.2,158,9,3,0,1,1
152,1,60,70,2,7363.82,535552.15,384.1,81,2,2,0,0,1
153,1,65,30,0,1547.44,45880.49,7.7,158,3,2,0,0,1
154,1,28,71,0,5590.92,432283.14,5.7,130,10,3,1,0,0
155,0,68,63,1,4251.05,248619.7,192.2,20,4,2,0,0,1
156,1,64,28,2,12053.49,347138.91,76.0,175,2,1,0,0,1
157,0,74,60,2,15888.07,930782.89,14.1,81,9,0,1,1,0
158,1,40,37,2,6507.5,262775.64,234.7,115,10,3,1,0,0
159,0,72,22,2,23567.84,500861.13,471.8,134,1,0,2,0,0
160,1,33,68,0,1657.03,123093.68,165.3,44,1,2,0,0,1
161,1,48,20,0,19649.07,424536.69,332.3,128,6,2,0,0,1
162,0,28,68,0,16192.31,1050511.93,327.9,23,8,1,2,1,0
163,0,71,64,0,10278.54,697762.13,129.3,23,9,3,1,0,0
164,0,33,17,2,2686.49,50197.21,327.0,19,1,2,0,1,1
165,1,25,12,0,16245.93,185307.43,110.1,149,6,3,0,0,1
166,0,21,22,2,10561.92,229424.12,65.4,47,6,3,1,0,0
167,1,57,17,0,23502.28,401151.36,352.2,117,10,3,0,1,1
168,1,21,10,0,14236.77,136528.66,61.2,128,6,3,1,1,1
169,0,73,65,2,23581.81,1384215.53,498.5,43,2,3,0,1,1
170,0,42,22,0,6681.37,138762.49,95.8,178,6,0,0,0,1
171,1,20,50,0,18554.56,887267.35,299.1,19,0,1,1,1,0
172,1,49,14,0,16005.35,221547.32,208.6,131,9,3,0,0,1
173,0,20,64,0,18876.09,1128603.53,67.6,154,0,0,0,1,1
174,0,44,47,2,6544.69,330563.07,18.8,154,4,2,0,1,1
175,0,46,29,0,17127.37,517049.34,313.3,199,1,3,0,0,1
176,1,49,36,0,13203.95,435907.86,404.3,124,8,2,1,1,0
177,1,67,52,2,18956.39,1015322.47,421.8,10,6,3,1,1,0
178,1,75,7,0,9185.55,66274.84,243.9,21,3,0,1,0,1
179,1,68,29,1,22416.34,709389.35,389.8,112,3,0,0,0,1
180,1,36,11,2,3481.08,34485.83,338.1,13,1,0,0,0,1
181,1,38,33,2,20468.95,641422.27,363.5,179,4,1,0,1,1
182,0,22,6,2,21741.01,141606.8,248.8,150,3,2,2,1,0
183,1,35,32,0,20705.43,719837.88,318.5,107,0,1,1,1,0
184,1,45,51,2,13549.07,721487.73,403.7,115,7,3,1,1,0
185,1,59,58,0,11802.05,720902.9,202.0,94,2,2,0,1,1
186,0,39,26,1,24912.16,594795.54,404.0,130,5,0,0,0,1
187,1,38,46,0,6885.54,317613.83,298.0,141,3,2,0,1,1
188,1,23,29,2,14351.59,393853.29,87.1,91,8,0,0,0,1
189,0,18,4,2,17260.87,64641.52,17.2,28,6,1,0,1,1
190,1,22,13,0,17970.39,248113.38,184.6,139,8,1,2,0,0
191,1,58,39,0,6294.58,227569.82,275.6,21,9,0,0,1,1
192,1,29,15,2,16868.86,251446.47,420.7,90,2,0,0,1,1
193,1,43,29,1,20731.68,653955.01,68.1,83,0,3,0,0,1
194,1,63,29,0,2675.44,72712.64,401.1,107,4,1,2,1,0
195,0,51,32,2,22920.75,803582.19,432.2,15,2,1,0,0,0
196,0,66,2,1,2193.35,4820.36,79.6,145,5,3,1,1,0
197,0,31,47,1,9865.32,468827.64,426.5,134,7,1,2,1,0
198,1,43,22,0,1871.61,38459.02,495.8,60,10,0,0,0,1
199,1,62,27,2,3312.91,86158.74,364.8,20,3,2,1,1,0
200,1,44,67,0,22912.45,1511951.42,393.5,194,4,2,0,0,1
201,0,26,56,1,9839.23,529984.53,497.2,136,4,1,0,1,1
202,1,43,21,2,11482.13,230545.89,304.7,149,3,3,1,1,0
203,1,74,47,0,6560.59,337469.92,157.4,82,3,0,1,1,1
204,0,64,59,2,15531.75,852843.81,419.6,11,3,2,0,1,1
205,1,74,6,0,15477.88,97200.99,309.2,17,3,0,0,1,1
206,0,39,19,1,10246.71,175234.72,292.7,148,3,1,0,1,1
207,0,64,57,1,9326.32,541826.39,130.5,133,4,1,0,1,1
208,0,73,69,2,22296.66,1666452.67,379.4,62,1,2,0,0,1
209,1,47,3,0,10507.18,30184.61,45.4,19,1,1,0,1,1
210,1,60,1,2,13097.27,12273.52,462.5,121,8,3,0,1,1
211,1,65,58,0,8157.66,487497.57,166.3,17,1,1,1,1,0
212,1,34,38,0,19989.08,791882.81,68.2,45,5,1,0,0,1
213,1,43,15,1,10840.03,168715.22,224.0,115,1,1,0,0,1
214,1,53,34,0,13569.86,444702.7,26.0,23,4,0,0,1,1
215,1,18,61,0,7453.89,432153.21,343.9,191,3,0,1,1,0
216,0,25,35,1,24710.0,943710.27,451.8,95,6,2,0,1,1
217,1,66,64,0,8350.15,579652.66,419.4,158,6,2,0,0,1
218,0,52,25,0,19612.45,486125.62,68.0,59,5,2,0,1,1
219,1,69,24,1,11546.15,296294.19,67.5,176,9,1,1,0,0
220,1,32,12,0,6346.11,75427.17,407.7,29,4,0,0,1,1
221,1,64,18,2,20293.39,359757.17,462.5,96,0,3,1,0,0
222,0,73,15,1,9339.76,130479.14,233.0,144,2,1,2,0,0
223,0,39,27,1,21832.04,580788.87,252.0,146,8,1,1,1,0
224,0,31,72,2,23008.54,1669011.97,162.5,138,0,1,1,1,0
225,0,43,60,0,21705.86,1177978.15,447.7,163,4,3,0,1,1
226,1,45,46,0,2322.69,105649.5,324.2,175,1,2,0,1,1
227,0,40,17,1,20003.27,359190.94,147.7,47,3,3,2,1,0
228,1,31,53,1,11166.48,613134.54,152.9,198,10,2,0,1,1
229,1,41,8,2,22032.49,181024.47,446.1,53,0,3,0,1,1
230,0,19,27,0,16491.93,481755.65,11.7,95,2,0,1,0,0
231,0,62,46,0,21090.61,876650.07,164.7,53,9,1,0,1,1
232,0,43,50,0,13236.65,669383.69,279.4,83,6,1,0,1,1
233,0,31,71,2,14073.1,1056613.32,78.4,128,9,1,0,0,1
234,0,73,3,2,4893.11,14800.69,50.6,199,2,2,0,1,1
235,0,68,64,1,19923.7,1230206.05,408.6,131,3,3,1,1,0
236,0,24,44,2,11355.66,463299.63,447.7,143,1,0,0,1,1
237,0,20,53,0,13251.88,756790.6,412.7,154,2,3,0,1,1
238,1,64,24,2,19949.8,475995.43,449.9,60,8,1,0,0,1
239,0,40,60,2,15572.87,1005032.27,278.8,47,2,0,1,0,0
240,0,63,3,2,6225.82,18998.16,407.1,161,10,0,1,1,0
241,1,60,20,2,15370.47,318119.06,195.1,60,4,1,0,1,1
242,0,64,46,1,11079.37,540664.42,334.8,19,1,3,1,0,0
243,1,62,15,1,12533.85,193992.25,494.5,129,3,1,0,1,1
244,1,35,25,0,2165.31,53029.04,116.7,158,6,3,2,0,0
245,0,75,71,0,6435.69,458179.9,198.0,79,6,0,0,0,1
246,1,55,17,2,8104.39,146125.03,242.6,94,2,0,1,0,0
247,1,52,9,0,18254.56,160139.42,73.3,66,4,1,0,1,1
248,1,68,38,0,1770.07,65757.61,45.1,135,0,0,0,1,1
249,1,32,48,0,11106.27,489993.36,415.7,48,9,2,0,1,1
250,0,42,60,2,23214.63,1508370.89,488.5,42,9,0,1,0,0
251,1,72,63,0,4129.19,238861.49,205.3,196,9,2,0,1,1
252,0,54,2,2,13635.97,28080.33,48.4,27,10,0,2,1,0
253,1,45,72,1,19983.28,1413817.07,37.6,193,0,1,0,0,1
254,1,27,11,0,23649.49,255233.87,446.2,66,4,1,0,1,1
255,1,56,64,0,19049.25,1262932.2,234.6,105,9,2,0,1,1
256,1,74,72,0,18433.29,1212286.51,163.4,57,8,1,1,1,1
257,0,34,21,1,20922.47,447606.21,240.8,51,0,0,0,0,0
258,0,56,18,0,11985.73,227480.94,162.6,36,0,0,1,1,0
259,1,39,64,0,20437.35,1393850.23,247.1,83,3,1,2,0,0
260,1,43,38,0,1687.16,59887.48,430.5,119,3,0,2,0,0
261,0,61,32,2,23227.18,802347.67,298.2,189,1,3,0,0,1
262,1,42,11,2,11917.7,135188.69,348.9,179,8,3,1,1,0
263,1,34,45,2,14504.43,702546.63,185.5,41,8,0,1,1,0
264,1,30,33,1,7489.73,246433.48,370.6,35,1,1,0,1,1
265,0,37,41,0,18949.47,783459.65,335.0,34,8,2,1,0,0
266,0,42,8,1,3300.94,28620.67,64.2,84,5,1,0,0,1
267,0,21,11,0,22006.94,261438.07,288.5,32,7,2,0,1,1
268,1,27,51,1,20960.75,1057915.06,132.1,66,9,1,0,0,1
269,1,20,41,2,6577.41,257506.81,403.0,189,3,0,0,1,1
270,0,58,17,1,20519.12,341372.07,215.8,135,1,3,0,1,1
271,0,62,46,0,19979.41,898422.76,497.4,96,1,1,0,1,1
272,0,35,32,0,16357.09,501114.96,50.8,40,8,2,1,1,0
273,0,64,54,0,10277.72,529309.36,391.3,73,0,3,0,1,1
274,1,53,20,0,7880.22,168985.42,338.5,42,6,2,0,1,1
275,0,64,33,0,6946.91,209526.37,384.9,11,10,0,0,1,1
276,1,39,40,0,8987.31,372262.37,157.2,27,2,3,0,0,1
277,0,51,32,0,22733.62,679872.74,248.6,184,2,2,1,1,0
278,1,64,2,2,3324.56,6442.34,399.3,170,1,1,0,0,1
279,0,25,33,1,20978.47,631581.68,120.1,93,9,0,1,0,0
280,0,57,30,2,9698.92,277581.56,116.9,44,5,0,0,1,1
281,0,66,33,0,13757.59,478373.13,277.8,188,9,0,1,0,0
282,0,61,26,2,20170.41,564813.43,264.2,123,1,1,0,0,1
283,1,36,22,0,22282.85,462919.96,144.7,155,9,1,0,0,1
284,0,59,66,1,9602.36,629135.41,152.5,119,3,3,1,1,0
285,1,58,38,0,12353.32,466640.03,142.5,97,9,1,0,1,1
286,1,54,46,2,11241.13,555726.54,386.9,81,8,3,1,1,0
287,1,23,15,1,1811.4,28599.1,327.7,134,8,0,1,1,0
288,1,69,44,1,8454.66,372978.0,417.0,39,5,3,0,1,1
289,0,43,49,2,12290.95,622823.27,487.9,181,3,2,0,0,1
290,1,51,61,1,11160.7,728098.75,239.7,62,6,0,0,0,1
291,1,73,67,1,18465.34,1115820.28,38.0,147,0,0,2,1,0
292,1,62,6,2,10542.89,62028.76,28.8,96,3,3,1,0,0
293,0,23,9,2,13000.35,126532.9,151.4,189,4,0,0,0,1
294,0,54,6,2,11595.8,72918.75,466.6,186,7,1,0,0,1
295,0,74,32,2,18904.71,610134.1,264.0,148,1,2,0,0,1
296,0,50,41,2,21779.85,898268.21,139.5,195,4,3,1,1,0
297,1,70,8,2,13999.39,108585.32,202.6,173,5,3,0,1,1
298,1,39,72,0,20051.66,1449644.7,301.3,170,4,0,0,1,1
299,0,38,50,0,8474.49,436892.43,328.2,184,8,1,1,0,0
300,1,23,62,0,14222.19,867378.68,81.2,22,9,0,0,0,1
301,1,23,62,0,9612.9,621526.85,488.6,49,0,0,0,1,1
302,1,72,7,0,11233.72,84317.21,274.7,98,2,3,2,1,1
303,0,65,4,2,18711.73,69677.76,72.2,77,1,0,1,0,0
304,0,21,6,0,22219.07,132022.52,447.3,51,2,2,0,1,1
305,1,47,58,1,4355.14,247951.33,41.9,156,9,0,0,1,1
306,0,28,22,0,16414.02,374647.46,454.3,103,8,0,0,0,1
307,0,47,26,0,15180.38,374944.92,498.3,28,8,3,0,0,1
308,0,48,3,2,4282.75,13208.65,351.7,195,9,0,1,1,0
309,0,41,41,2,6479.52,285717.1,386.4,32,1,1,0,0,1
310,0,72,60,0,8808.56,519859.89,172.0,63,2,3,1,1,0
311,1,26,14,1,5422.88,82161.21,471.1,74,3,0,2,0,0
312,0,72,12,1,7227.64,95286.26,267.2,149,8,2,0,0,1
313,1,20,12,0,7788.62,86100.24,367.5,33,2,2,0,1,1
314,1,68,13,0,9388.34,115532.33,462.4,43,6,3,0,0,1
315,0,48,25,1,19110.68,520802.32,487.7,62,2,3,2,1,0
316,1,57,45,2,14939.94,733923.79,417.4,145,6,0,1,0,0
317,1,54,19,2,24676.8,431135.47,155.0,27,6,1,0,1,1
318,1,53,55,1,11246.29,558546.81,483.4,66,8,0,1,0,0
319,0,41,45,0,19215.83,806102.15,315.9,121,1,2,0,0,1
320,0,48,8,2,21979.51,193279.47,465.7,14,5,1,2,1,0
321,1,23,53,0,17455.99,865956.68,339.7,163,8,1,0,0,1
322,0,19,55,2,11178.82,615148.37,157.1,167,1,1,0,1,1
323,0,37,32,2,19209.47,657537.73,188.2,191,1,0,1,0,0
324,0,45,51,2,6286.18,289843.79,277.5,22,4,2,0,0,1
325,0,28,44,0,9197.48,413146.23,396.1,92,9,3,0,1,1
326,1,21,70,0,14347.1,959510.47,162.4,38,9,0,0,0,1
327,1,32,18,2,15022.12,289993.1,292.0,12,9,3,0,0,1
328,0,23,22,2,2020.32,42522.14,176.1,99,7,1,0,1,1
329,0,71,37,2,23710.18,910043.95,408.8,113,10,1,2,0,0
330,1,66,56,0,17870.74,1035631.9,236.0,132,8,0,0,1,1
331,1,47,59,1,13149.04,732580.67,43.0,195,1,2,0,1,1
332,0,73,3,0,23428.49,63746.1,87.2,85,4,1,1,1,1
333,1,55,28,1,11818.75,324918.68,35.2,139,6,3,0,0,1
334,0,68,35,0,24540.24,822695.65,252.2,117,5,3,0,0,1
335,0,74,61,2,13538.69,876894.57,57.6,165,5,0,1,1,0
336,1,19,54,0,4185.72,239607.08,61.5,91,6,3,1,0,0
337,1,32,63,1,19472.82,1216243.16,470.8,86,2,2,1,1,0
338,0,28,7,2,17454.1,124781.41,437.0,11,2,1,1,0,0
339,0,25,49,0,19665.19,983687.09,228.8,136,9,3,0,1,1
340,1,43,31,0,23858.89,788020.5,493.0,144,8,3,2,1,0
341,0,68,58,0,19747.5,1128175.23,5.1,35,7,1,0,0,1
342,1,62,61,0,15866.41,924384.18,308.9,97,4,0,1,1,0
343,0,61,24,1,21646.76,495108.32,310.1,25,5,3,0,1,1
344,1,22,20,2,17321.29,348933.39,231.4,160,10,0,2,0,0
345,1,23,37,2,11090.8,406186.1,201.5,177,9,0,1,1,0
346,1,43,4,2,22312.06,88179.42,230.4,197,0,3,1,1,0
347,0,71,20,2,6714.66,123311.7,210.4,82,9,2,0,0,1
348,0,21,60,0,18294.07,1145634.03,366.6,41,0,0,0,1,1
349,1,36,24,0,22216.74,502674.54,72.0,24,3,3,1,1,1
350,0,37,50,2,18685.94,877669.94,102.8,150,1,0,1,1,0
351,1,50,49,1,17885.97,861120.59,94.4,14,10,1,0,1,1
352,1,37,51,0,19187.0,925261.21,134.9,83,6,2,2,1,0
353,0,66,36,0,12428.8,454941.05,265.0,61,1,2,1,1,0
354,0,29,66,2,22043.01,1417438.64,60.0,86,9,1,0,1,1
355,1,64,34,1,6280.76,211363.9,434.7,178,1,1,1,1,0
356,0,18,36,0,4493.58,162971.45,152.2,190,4,0,0,0,1
357,0,43,6,2,8209.46,46336.18,85.5,119,3,1,0,1,1
358,1,31,39,1,13992.07,508120.1,339.4,187,7,2,0,1,1
359,1,55,42,0,13498.2,610058.49,23.9,152,3,1,0,0,1
360,0,54,58,0,20784.07,1189497.16,311.9,115,5,3,1,1,0
361,1,28,12,2,11007.36,129766.04,350.6,136,4,3,0,1,1
362,1,53,3,1,12882.09,35056.9,111.4,16,10,0,1,1,0
363,0,30,18,0,1814.14,32641.3,25.8,49,1,2,1,1,0
364,1,60,40,2,11128.87,449977.58,185.0,165,10,3,1,1,0
365,1,20,21,2,16722.69,355309.2,53.8,169,7,1,0,1,1
366,0,50,15,2,1864.45,29124.75,62.7,108,1,3,1,0,0
367,0,23,26,2,8100.73,197033.29,130.9,152,8,3,0,0,1
368,1,67,8,2,6386.97,48563.69,151.3,94,8,0,0,0,1
369,1,73,42,2,2486.66,110930.24,267.3,74,2,1,0,0,1
370,0,27,44,2,12762.61,611777.0,340.8,141,3,1,0,0,1
371,0,22,14,2,5770.5,74904.62,298.4,20,7,1,1,1,0
372,0,40,2,2,18962.42,37907.01,78.4,117,8,0,0,1,1
373,0,27,37,1,21426.31,747454.77,90.2,35,2,1,1,1,0
374,1,61,69,0,14321.25,901222.08,440.0,198,4,1,0,1,1
375,0,19,38,1,24570.12,901080.29,281.4,174,10,3,0,1,1
376,0,30,41,1,12086.25,460223.11,435.6,160,7,3,2,0,0
377,1,57,62,0,13564.15,876287.09,188.9,94,2,1,1,0,0
378,0,19,60,2,24746.62,1494812.28,309.1,177,6,2,0,1,1
379,1,37,14,2,6941.39,90257.07,264.2,160,10,2,0,1,1
380,0,18,2,0,23649.83,42657.12,163.0,132,7,1,0,1,1
381,0,54,70,0,2506.68,186281.92,237.6,153,9,2,0,0,1
382,0,26,17,0,11990.09,190631.17,253.7,198,10,0,1,0,0
383,1,34,28,0,3145.08,89932.98,104.4,77,2,3,1,1,0
384,1,26,66,1,18637.02,1189924.7,160.9,113,1,0,0,0,1
385,0,28,35,0,15797.61,562369.66,396.7,89,9,3,2,1,0
386,1,32,5,1,18105.91,87191.79,458.3,168,6,2,0,0,1
387,1,41,65,2,10300.29,614208.5,183.1,62,8,2,0,0,1
388,1,55,40,1,10182.83,384743.98,157.0,115,0,1,0,1,1
389,1,72,56,2,2565.0,134678.55,101.6,162,2,2,1,0,0
390,1,52,36,0,9723.71,345014.14,340.9,53,4,2,0,0,1
391,1,47,45,2,23338.28,1083469.24,164.9,149,2,1,0,1,1
392,0,48,23,0,10411.82,228159.5,493.9,99,0,1,0,0,1
393,0,66,47,2,21037.14,892257.84,166.2,110,6,3,0,1,1
394,1,22,31,1,21294.65,662634.39,200.1,106,6,2,1,0,0
395,0,61,11,0,10271.17,115372.67,303.7,18,9,3,0,1,1
396,0,67,10,0,16351.73,178654.77,401.8,21,7,3,0,1,1
397,0,31,67,2,3741.23,255147.8,237.4,78,4,0,1,0,0
398,0,70,14,1,3936.45,54792.56,214.2,191,9,2,2,0,0
399,1,73,10,2,2643.46,26822.67,497.8,191,4,2,2,1,0
400,0,28,1,0,15153.85,16450.72,10.2,37,4,0,0,0,1
401,0,26,5,2,11512.67,61343.86,448.1,65,0,3,0,0,1
402,1,51,20,0,14378.76,277393.81,78.8,108,9,2,0,0,1
403,1,29,8,2,13745.22,104183.37,394.0,119,4,3,0,1,1
404,0,52,43,1,9729.77,398518.23,310.9,86,5,0,2,1,0
405,0,52,1,2,17420.63,17436.03,174.2,112,0,1,0,1,1
406,0,18,57,1,19324.79,1155277.76,437.6,115,10,3,0,0,1
407,0,57,64,0,1843.76,118076.61,11.4,118,6,2,0,0,1
408,0,39,28,2,6370.19,162947.29,117.2,121,0,1,0,1,1
409,0,46,37,1,18261.04,705871.32,285.6,67,10,3,1,1,0
410,1,25,47,0,10585.57,527967.15,179.0,87,1,3,0,0,1
411,0,28,37,1,17068.37,604942.02,307.1,84,1,1,0,0,1
412,0,58,49,0,9653.62,488554.57,16.9,51,4,1,0,0,1
413,1,54,44,2,10682.75,463140.04,62.6,175,9,1,0,0,1
414,1,31,56,1,5228.95,315609.68,67.9,77,6,2,0,1,1
415,1,47,28,2,7568.43,226547.81,98.7,190,0,2,1,0,0
416,1,52,6,0,15727.18,94843.05,232.4,42,9,3,0,0,1
417,0,38,61,2,11679.33,739726.34,377.3,80,0,3,1,1,0
418,0,54,20,2,19696.11,424124.19,453.2,65,0,0,2,1,0
419,0,22,2,1,21535.75,43034.61,418.5,114,5,2,2,0,0
420,0,36,37,2,14228.69,506798.27,102.5,110,1,3,2,1,0
421,0,31,20,0,19319.28,405988.19,223.4,60,0,1,0,0,1
422,0,43,26,2,8712.26,213836.71,103.7,83,5,1,0,0,1
423,1,21,29,2,11251.82,319028.26,135.9,180,1,2,0,1,1
424,0,42,1,2,18250.28,19585.2,254.3,130,5,1,1,1,0
425,1,62,35,2,10575.98,386773.7,38.7,152,9,0,2,0,0
426,1,59,70,1,15329.87,1052446.99,113.0,175,7,3,1,1,0
427,0,42,59,2,5856.26,325807.08,468.0,152,1,3,0,0,1
428,1,35,69,2,15594.63,1045033.02,235.7,14,10,3,2,0,0
429,0,57,33,0,21745.57,686618.27,225.5,92,8,2,0,0,1
430,1,25,51,0,21913.03,1045166.31,12.2,191,7,1,0,1,1
431,0,56,12,0,18522.09,233081.96,127.5,60,9,0,0,0,1
432,1,57,20,0,19025.2,361636.32,433.8,19,0,2,0,0,1
433,0,31,53,2,14611.29,767299.84,86.5,149,6,3,0,0,1
434,0,49,43,2,15239.7,640347.68,210.5,13,9,0,0,1,1
435,0,68,50,2,4640.79,254411.7,12.1,104,5,3,0,0,1
436,0,55,29,1,11930.69,338453.81,241.8,155,5,3,1,0,0
437,0,50,57,1,12093.24,631409.83,15.4,89,5,2,1,0,0
438,1,40,39,1,24024.7,860099.66,410.7,45,5,3,1,1,0
439,1,32,56,2,11630.54,663132.01,413.3,34,9,0,0,0,1
440,1,50,43,2,14409.55,631923.99,394.9,107,6,3,1,0,0
441,0,42,50,2,14031.41,690171.24,145.3,173,2,1,2,1,0
442,1,34,23,0,16463.9,373507.95,419.4,110,5,3,0,1,1
443,0,50,44,0,19083.47,764762.56,273.8,18,2,2,0,0,1
444,0,64,38,1,6788.48,258815.91,190.0,70,6,0,0,0,1
445,1,72,23,1,13925.02,320579.05,314.5,62,6,2,0,0,1
446,1,19,45,0,20909.07,874959.77,11.1,155,7,1,1,1,0
447,0,31,52,2,12383.2,592906.74,75.8,180,1,3,1,1,0
448,1,70,50,1,8043.75,371908.61,372.4,172,8,2,0,0,1
449,0,57,8,0,16885.66,124306.24,125.9,72,4,2,1,1,1
450,0,57,1,0,20858.53,21316.2,301.0,130,8,2,1,0,1
451,0,68,8,1,2983.8,22421.38,195.6,114,9,2,2,0,0
452,0,56,29,2,19754.58,544402.54,428.1,13,4,1,0,1,1
453,0,68,5,0,20808.73,97251.1,476.4,102,6,1,2,0,1
454,1,23,47,2,12345.79,633384.11,442.4,178,10,3,0,1,1
455,1,23,34,1,24607.68,896000.05,139.0,182,8,3,0,1,1
456,0,20,65,2,19987.65,1229169.18,101.1,187,3,0,0,0,1
457,0,24,55,0,19681.07,1045128.37,239.8,37,1,1,0,1,1
458,1,68,43,0,19074.21,772602.37,8.6,179,8,2,1,0,0
459,1,25,30,2,5039.29,150933.06,17.8,89,1,2,0,1,1
460,0,59,17,2,6604.93,101495.82,278.9,85,2,0,0,0,1
461,1,69,26,2,12403.77,333551.19,262.6,125,9,2,0,0,1
462,0,32,8,0,7704.1,61918.26,497.3,78,1,0,1,0,1
463,1,64,47,1,11258.16,571320.16,104.9,107,2,3,0,1,1
464,0,46,72,0,22378.91,1503129.95,132.8,10,5,1,1,0,1
465,1,50,46,0,20871.68,1018492.17,61.2,176,2,0,0,1,1
466,0,69,68,0,16305.94,1173549.42,459.2,105,9,2,0,1,1
467,1,47,33,0,21665.83,661661.36,390.0,26,7,0,0,1,1
468,1,56,1,2,19918.65,19514.54,412.1,121,10,3,0,1,1
469,0,44,19,2,11581.15,205525.81,451.9,100,5,2,0,1,1
470,1,53,31,0,6225.03,183509.32,264.8,97,6,3,0,0,1
471,0,46,14,2,13583.72,181167.29,228.3,172,0,3,2,1,0
472,1,55,53,0,18801.38,1007680.75,168.5,183,2,0,1,0,1
473,0,74,48,2,11755.86,554283.45,296.7,179,2,3,0,0,1
474,1,50,69,1,17169.14,1290753.84,229.9,176,1,2,0,1,1
475,0,54,62,0,3716.69,213215.32,228.5,99,6,3,1,0,0
476,1,44,66,2,19078.11,1378445.65,468.8,58,8,3,0,0,1
477,0,72,64,0,20598.77,1247300.32,492.1,199,3,0,0,1,1
478,1,50,70,0,18110.69,1336935.39,399.3,47,4,3,1,0,0
479,0,21,63,0,24230.69,1477369.91,379.6,160,2,1,1,1,0
480,0,39,33,2,20926.32,641273.21,341.9,159,10,0,0,1,1
481,0,19,41,2,22722.7,998314.81,87.2,141,8,0,0,1,1
482,1,27,48,0,23438.92,1082059.26,34.3,186,3,2,0,0,1
483,0,22,13,1,20331.68,272709.31,346.9,68,4,2,1,0,0
484,1,27,31,2,17345.08,544842.8,365.7,77,0,2,0,0,1
485,0,50,68,1,1634.39,110510.73,28.3,139,10,2,0,0,1
486,1,71,4,2,12446.91,49746.01,464.4,58,1,1,0,1,1
487,0,55,19,2,14922.31,296692.89,50.1,135,8,0,0,1,1
488,1,30,70,0,8644.71,555239.53,146.5,168,1,3,2,0,0
489,1,48,13,0,8975.45,120605.54,337.8,120,4,2,1,1,0
490,0,64,23,1,24087.25,597863.27,89.1,177,7,2,1,0,0
491,1,53,1,0,22455.21,20469.22,32.4,57,2,2,0,1,1
492,1,62,54,1,21455.71,1075339.93,168.9,60,5,3,0,1,1
493,0,41,71,2,11041.28,817895.77,384.2,52,3,2,0,1,1
494,1,69,15,0,1821.92,26986.0,209.8,107,10,3,0,1,1
495,1,73,65,0,3385.22,215794.68,328.2,192,6,0,2,1,0
496,1,32,71,0,8836.61,581845.93,291.9,186,9,0,0,0,1
497,0,46,15,1,1869.96,28087.38,16.0,133,2,0,0,0,1
498,1,25,21,2,1903.02,36978.51,494.3,89,5,1,0,1,1
499,0,22,19,0,23040.18,435716.48,25.5,194,9,3,1,0,0
500,1,46,60,0,18094.72,1142923.74,484.1,120,8,2,0,1,1
501,1,64,33,0,8760.47,275118.57,277.2,152,10,2,0,1,1
502,1,21,49,2,4617.15,225370.96,481.8,36,9,2,0,1,1
503,0,29,35,0,13523.44,519896.64,61.8,167,0,2,1,1,0
504,1,62,44,1,1625.63,74197.86,247.8,173,2,1,0,0,1
505,1,19,11,0,23552.72,276767.66,88.9,122,1,2,2,1,1
506,0,44,72,0,11248.16,796075.09,30.2,95,7,1,1,0,1
507,1,48,66,2,10954.87,761755.26,310.7,123,6,3,0,1,1
508,0,68,46,2,10678.95,446088.41,107.9,133,1,0,1,1,0
509,0,68,9,1,3129.22,26038.99,295.9,58,5,2,0,0,1
510,1,53,3,2,16500.57,46562.01,60.6,85,2,0,2,1,0
511,0,53,26,0,18725.59,477318.1,169.3,64,7,3,0,1,1
512,1,43,72,2,17388.95,1338579.22,391.9,65,9,3,0,0,1
513,0,60,48,0,4753.23,221140.0,221.3,104,2,2,0,0,1
514,0,44,66,0,15102.74,1027605.53,315.7,53,9,3,0,0,1
515,1,22,70,1,14882.89,1085415.12,325.5,168,8,0,2,1,0
516,0,37,28,2,21907.65,623987.3,422.7,195,0,2,0,1,1
517,0,28,26,1,10409.5,262919.59,165.8,96,4,1,1,0,0
518,0,27,25,2,10229.92,259689.25,345.2,190,2,2,0,0,1
519,0,57,12,2,16035.39,186354.28,481.0,93,5,0,2,1,0
520,0,55,5,0,16377.21,75071.06,366.5,160,9,2,0,1,1
521,1,23,48,0,12528.2,660623.49,247.5,165,1,2,0,0,1
522,0,25,37,1,11911.9,407877.16,317.2,25,8,0,0,0,1
523,1,40,44,0,13112.47,527602.07,371.1,174,5,2,1,0,0
524,0,64,15,1,21734.56,350700.0,308.1,158,6,2,0,0,1
525,1,43,43,2,12337.42,509483.36,13.3,154,4,0,0,1,1
526,1,63,48,0,23588.4,1166277.75,101.4,46,8,3,0,1,1
527,0,60,70,2,13344.09,902141.62,406.2,86,0,0,1,1,0
528,0,29,46,2,23806.22,1071312.74,140.0,156,4,2,0,1,1
529,0,43,43,0,21071.55,862967.87,367.1,167,10,1,0,0,1
530,1,30,21,1,10017.14,203756.49,189.2,54,9,1,0,1,1
531,0,57,23,2,21795.57,492344.97,263.3,155,10,0,1,0,0
532,1,35,47,0,4086.49,200531.87,38.6,71,5,1,2,1,0
533,1,42,15,2,23238.61,349383.41,94.7,173,6,2,0,1,1
534,1,50,25,1,16343.62,444837.81,478.8,109,3,2,0,1,1
535,0,64,36,0,2778.18,90850.76,445.6,61,0,0,0,0,1
536,0,57,51,1,16640.03,849162.31,327.9,28,10,2,0,1,1
537,1,60,15,0,24394.82,372086.25,232.5,118,7,3,0,0,1
538,1,29,68,2,3140.32,231487.68,339.5,53,9,2,1,0,0
539,0,61,21,2,14535.16,277715.54,311.2,16,3,0,0,1,1
540,1,53,13,0,19073.17,251596.07,286.4,181,2,3,2,0,0
541,0,65,19,0,20541.08,417883.49,34.3,126,6,3,0,1,1
542,1,21,34,2,11224.95,361949.73,318.2,77,1,1,1,0,0
543,0,22,68,2,6297.91,460487.91,385.6,43,7,2,0,1,1
544,1,73,52,2,2495.04,117262.02,497.1,78,5,0,0,0,1
545,0,54,27,0,15123.56,427320.04,10.5,64,6,1,0,0,1
546,1,25,29,1,12143.41,382663.82,366.4,19,4,1,0,1,1
547,0,59,28,2,23795.49,687221.05,288.0,51,8,2,0,1,1
548,0,66,35,1,2924.22,101099.66,219.9,50,4,2,1,1,0
549,1,45,8,0,17606.79,128033.23,68.1,131,10,0,2,1,0
550,1,48,16,2,2086.71,36192.66,207.5,147,4,1,0,0,1
551,0,75,36,2,5528.7,197850.79,180.4,19,2,0,0,0,0
552,1,26,30,0,12159.11,330411.42,154.9,111,10,1,0,0,1
553,0,71,18,2,12189.5,227740.77,366.8,197,0,1,0,0,1
554,1,68,2,0,17613.96,35099.95,351.9,137,1,1,0,1,1
555,0,46,49,2,22890.01,1037342.84,296.6,188,7,2,1,0,0
556,0,31,4,2,16517.26,62293.48,469.6,158,0,1,2,1,0
557,0,57,7,0,23908.07,152779.43,178.2,145,6,1,2,0,0
558,0,58,39,2,22217.97,879375.91,125.7,101,4,1,0,1,1
559,0,39,13,2,15235.75,202898.7,329.7,122,2,3,1,1,0
560,0,28,31,0,21094.11,654668.41,103.4,87,10,2,1,1,0
561,1,40,71,1,16600.57,1253390.35,160.9,94,6,3,0,1,1
562,1,18,63,1,3346.11,226025.42,116.2,39,8,2,0,1,1
563,1,63,56,2,18903.27,1083062.73,39.2,58,1,0,1,0,0
564,0,54,42,0,3730.35,141406.95,414.6,18,7,3,0,1,1
565,0,38,61,2,15460.95,979942.87,131.0,154,8,0,0,0,1
566,0,43,42,2,18012.04,744098.87,239.1,78,10,1,0,0,1
567,0,63,56,0,3063.4,173799.68,26.4,67,2,0,0,1,1
568,1,53,36,2,6923.67,256683.85,351.2,194,1,0,0,0,1
569,1,71,68,2,23018.3,1518361.14,168.6,71,6,0,2,0,0
570,0,40,7,2,15983.39,121217.04,373.6,61,4,0,1,0,1
571,1,74,54,2,7287.72,364728.0,209.1,198,4,2,1,1,0
572,1,18,1,2,17730.97,18339.18,101.9,49,9,3,0,1,1
573,0,71,44,1,15524.25,615355.88,259.0,175,4,2,1,1,0
574,1,72,45,0,13287.03,648697.52,69.6,180,3,2,0,1,1
575,0,68,47,2,24440.39,1059675.16,223.1,72,4,2,0,0,1
576,1,57,13,1,17561.16,209797.89,162.1,156,3,0,0,0,1
577,0,32,22,2,10322.87,219518.24,456.4,59,5,2,0,0,1
578,0,38,21,2,20301.73,415555.67,35.2,170,3,3,0,0,1
579,0,64,9,2,22287.71,189127.72,348.5,150,1,2,0,0,1
580,0,26,26,2,4442.68,117476.16,95.5,87,8,1,0,0,1
581,1,70,9,1,6212.99,55278.5,162.9,106,1,0,0,1,1
582,0,26,15,2,6581.33,89522.72,210.7,199,8,1,2,0,0
583,0,27,10,1,17743.48,171034.8,454.5,52,9,3,0,0,1
584,0,69,42,0,15671.43,699065.45,125.1,186,5,3,1,0,0
585,1,74,72,0,16046.3,1199167.31,50.2,45,8,3,0,1,1
586,0,70,24,2,23608.17,592078.27,162.8,131,8,3,0,0,1
587,1,43,49,0,19733.92,1005276.39,56.8,117,2,2,2,0,0
588,0,58,26,0,4506.52,112739.88,68.7,19,0,0,0,1,1
589,1,52,37,0,9666.42,329020.9,289.1,104,0,3,0,0,1
590,1,69,68,0,11731.75,761455.73,35.1,15,2,1,1,1,1
591,0,42,50,0,10805.1,576104.73,20.3,66,4,3,0,1,1
592,1,43,24,1,17228.75,453223.97,358.6,138,2,0,1,0,0
593,0,28,19,0,22459.49,426205.18,184.0,80,8,1,0,0,1
594,0,55,60,2,8692.21,470391.15,67.1,195,8,1,0,1,1
595,0,19,39,2,14469.11,523671.09,130.5,30,2,1,0,0,1
596,1,24,18,1,20051.12,348077.22,322.8,101,2,2,0,0,1
597,1,35,19,0,11281.12,217710.1,141.4,136,4,3,1,1,0
598,0,44,36,1,5450.78,179552.37,249.8,89,1,2,1,1,0
599,0,51,55,2,12661.35,758122.77,65.2,65,5,1,0,0,1
600,1,44,69,2,2797.73,187834.43,296.1,125,6,2,0,1,1
601,0,34,47,2,23646.01,1203068.59,161.5,157,8,2,1,0,0
602,0,60,49,1,3258.3,168614.14,315.3,191,5,2,0,0,1
603,0,61,33,0,11803.73,409422.83,405.2,34,2,3,0,0,1
604,1,68,21,2,13952.21,299250.1,307.8,165,4,1,0,0,1
605,1,71,22,2,24654.64,556155.64,151.4,14,3,1,0,1,1
606,1,41,48,2,5401.51,266428.57,131.6,129,4,3,1,0,0
607,0,42,37,1,4189.14,158988.5,167.1,30,7,2,2,1,0
608,0,24,15,0,1704.59,25843.6,86.5,27,7,2,0,0,1
609,0,69,35,1,5155.93,198012.97,94.7,184,5,0,0,0,1
610,1,23,71,0,6370.92,473349.97,396.4,66,0,0,0,1,1
611,0,70,32,0,16318.65,551120.9,195.4,102,7,0,0,0,1
612,0,41,11,0,6663.11,78754.08,220.8,28,7,3,0,1,1
613,0,50,10,0,1982.24,18695.06,299.1,137,1,1,1,1,1
614,0,66,57,2,20925.53,1093471.26,296.9,106,3,0,0,0,1
615,1,46,25,0,10091.5,251424.4,38.4,140,1,1,0,0,1
616,1,60,2,0,9811.87,19679.0,416.6,179,3,1,0,0,1
617,0,39,64,1,8608.26,587199.77,92.8,30,9,1,0,0,1
618,1,43,35,1,24421.27,845134.32,362.9,49,6,3,0,1,1
619,1,45,7,1,5497.71,39029.31,387.5,76,8,3,1,0,1
620,0,67,18,1,22608.59,409157.95,358.9,162,7,3,0,0,1
621,0,38,67,2,19754.88,1201332.13,291.6,136,8,3,1,0,0
622,1,66,42,0,3297.28,141676.88,12.2,64,7,0,0,0,1
623,0,24,39,0,24688.13,1026007.52,183.4,189,1,2,0,0,1
624,1,34,41,2,7877.1,300838.3,304.4,181,6,2,0,1,1
625,0,37,24,0,3816.7,93328.97,196.8,118,1,2,0,0,1
626,1,58,60,2,20988.88,1282910.17,432.4,107,10,0,0,1,1
627,0,66,46,0,18106.88,776975.3,157.9,193,1,2,0,0,1
628,1,37,19,0,16004.64,281188.11,150.3,192,3,0,1,0,0
629,1,71,68,2,5165.55,384981.76,136.7,121,0,0,1,0,0
630,1,39,42,2,12744.66,523897.81,169.7,124,4,0,0,1,1
631,0,45,32,2,19843.07,600361.99,280.9,126,5,2,0,0,1
632,1,57,39,2,8635.16,314633.55,355.0,96,8,1,0,1,1
633,1,66,36,0,8824.71,328338.62,333.0,90,9,2,0,1,1
634,0,24,36,0,1573.81,57897.33,404.8,75,7,2,0,0,1
635,0,18,3,1,5594.72,17266.04,443.5,28,1,3,1,1,0
636,1,49,8,2,22072.03,162026.57,409.0,144,0,0,0,0,1
637,1,30,70,0,11881.04,897131.2,14.4,127,1,1,0,0,1
638,0,47,41,1,24629.51,987445.93,369.3,51,6,3,0,1,1
639,0,40,68,0,10799.14,706931.4,108.2,51,3,1,0,0,1
640,0,68,13,2,18306.88,236197.92,70.8,68,9,1,1,0,0
641,0,73,49,0,8125.1,389376.3,321.1,29,4,0,0,1,1
642,0,36,60,2,10049.53,646817.14,163.3,82,6,2,0,1,1
643,1,49,2,2,5982.06,12991.27,33.3,26,2,0,1,1,0
644,0,47,60,0,9655.97,556584.0,73.1,36,9,0,0,1,1
645,1,46,5,1,14360.08,77026.55,5.5,184,1,3,1,1,0
646,1,66,44,2,24806.66,1152949.15,452.1,11,6,0,0,1,1
647,1,62,27,0,17108.74,501737.09,17.2,72,4,2,0,0,1
648,0,46,32,0,6182.28,187773.17,108.7,71,0,1,1,1,0
649,1,47,21,0,2556.59,54514.75,211.1,109,0,0,0,1,1
650,1,33,8,0,4469.38,34142.81,181.5,28,8,1,0,0,1
651,0,57,72,2,14720.05,1128541.49,456.3,26,4,0,0,0,1
652,1,36,50,1,19481.27,877694.37,24.9,78,0,1,0,1,1
653,1,35,67,2,23599.85,1601688.23,258.5,176,6,0,1,1,0
654,0,18,44,0,1871.84,79712.29,341.8,126,8,3,1,0,0
655,1,31,58,0,13784.86,771168.23,466.2,90,10,1,2,1,0
656,1,68,3,0,12565.38,38788.62,312.1,48,0,0,1,1,1
657,1,64,70,2,16917.29,1267456.6,402.9,45,9,0,0,0,1
658,0,67,2,2,14650.1,29940.09,46.4,177,3,3,0,1,1
659,0,19,44,0,17645.42,831239.07,196.0,182,2,3,0,0,1
660,0,71,2,2,16964.94,32332.44,190.1,141,4,3,0,1,1
661,1,45,35,1,4249.78,149322.45,443.7,162,6,1,0,0,1
662,1,66,30,2,20293.37,602778.42,79.9,167,7,1,2,0,0
663,0,67,8,1,4395.97,31732.89,80.2,38,1,3,0,0,1
664,1,47,22,2,17915.47,398618.73,167.6,60,6,2,0,1,1
665,1,55,44,2,11279.42,512327.21,32.0,161,0,2,0,0,1
666,0,68,58,2,13575.49,801852.7,95.3,23,6,0,1,1,0
667,0,21,36,2,22727.5,856854.37,482.8,78,7,2,1,0,0
668,1,18,69,0,22412.27,1568511.18,217.0,155,1,0,1,0,0
669,1,25,31,0,20719.62,586652.25,317.8,179,8,1,0,0,1
670,1,46,47,0,13488.49,585327.47,364.4,66,0,1,1,1,0
671,0,72,55,2,18801.64,1054042.88,186.6,21,5,2,0,1,1
672,0,56,62,0,13553.08,802474.37,77.9,26,0,1,1,0,0
673,0,20,30,1,21935.74,602747.43,107.3,39,2,3,0,1,1
674,0,49,55,2,10965.23,594596.51,160.1,97,10,3,0,1,1
675,1,27,16,2,24300.53,393032.7,319.9,108,5,2,0,1,1
676,0,27,12,0,23409.58,271293.4,202.1,32,2,2,1,0,0
677,0,36,17,1,18927.66,335956.02,8.4,138,7,0,0,1,1
678,0,63,16,1,8066.27,132771.34,264.1,88,4,1,1,0,0
679,0,51,12,2,4593.86,53283.1,461.1,41,1,0,0,0,1
680,0,50,8,0,21585.53,181486.73,407.0,18,3,0,0,0,1
681,1,40,3,2,5384.6,16634.2,413.5,24,8,3,0,1,1
682,1,72,16,0,21575.13,354691.37,398.6,165,3,3,0,0,1
683,0,45,30,0,13032.98,395167.33,165.2,161,9,3,0,1,1
684,1,49,23,2,11054.08,229398.61,383.8,197,9,3,0,1,1
685,0,67,5,2,22724.98,118090.52,75.9,172,7,0,1,0,0
686,0,24,65,2,15690.5,994597.94,330.6,36,4,3,0,0,1
687,1,46,30,1,15050.43,491481.7,322.6,118,10,1,2,0,0
688,1,25,21,2,14631.0,326791.23,17.7,85,10,3,0,1,1
689,0,18,70,2,10222.48,728123.97,395.0,157,9,3,1,1,0
690,0,74,22,0,19962.61,417410.2,452.1,74,0,3,0,0,1
691,0,72,72,1,7440.76,503988.94,137.4,186,6,2,0,0,1
692,1,20,32,0,23564.03,729977.43,407.1,118,2,1,0,1,1
693,0,41,33,1,22508.65,739304.45,45.8,138,9,1,0,1,1
694,0,40,16,1,9430.79,144738.2,302.0,19,7,0,1,0,0
695,0,25,38,0,18642.4,710526.44,245.4,56,2,0,0,1,1
696,1,71,14,2,14970.75,195563.46,275.2,132,0,3,0,1,1
697,0,74,36,1,9434.76,372102.52,463.5,68,4,2,1,1,0
698,0,64,23,2,24730.26,524193.79,436.3,105,1,0,0,1,1
699,1,54,66,1,2093.08,150077.32,393.6,199,10,0,1,1,0
700,0,20,2,1,7437.18,16104.7,140.5,112,3,3,0,1,1
701,0,68,65,2,13721.74,896436.97,456.4,133,0,3,1,0,0
702,1,50,67,0,13765.9,963802.94,53.3,95,8,0,0,1,1
703,0,45,52,1,15339.93,787473.81,427.4,155,5,0,0,0,1
704,1,64,62,2,19164.39,1219093.39,167.4,121,7,1,0,0,1
705,1,25,23,0,16151.73,359644.91,31.6,183,10,2,2,1,0
706,0,51,26,0,15606.61,389635.05,336.3,169,3,1,0,0,1
707,0,52,68,2,2757.59,190449.99,119.5,36,8,0,0,0,1
708,0,49,55,1,10348.46,568952.4,125.6,27,1,1,1,0,0
709,0,41,6,1,6953.31,42383.51,156.5,176,8,1,2,1,0
710,1,31,35,2,7736.2,259213.95,36.5,186,4,0,1,0,0
711,0,49,22,0,14526.93,311088.61,92.7,91,5,3,2,1,0
712,1,73,43,0,6188.37,243954.97,7.5,181,2,0,0,0,1
713,0,63,15,1,8407.8,114823.89,225.5,81,3,3,0,0,1
714,0,60,60,0,7071.49,403368.29,46.7,63,5,0,1,0,0
715,0,33,12,0,23789.82,261169.22,342.9,171,6,0,1,0,0
716,1,21,49,0,23699.64,1069256.47,121.6,80,0,0,0,1,1
717,0,69,42,2,15833.63,706632.72,472.1,173,6,2,0,0,1
718,0,54,38,1,23226.28,801200.75,436.3,155,0,3,1,0,0
719,0,71,45,0,19966.6,927058.92,148.3,47,4,2,0,1,1
720,0,38,35,2,15363.78,513271.69,392.7,196,5,0,0,1,1
721,1,31,30,2,1651.23,53217.94,402.6,146,1,1,0,1,1
722,0,48,30,1,19654.13,587854.12,493.3,188,9,2,0,0,1
723,1,72,6,0,18008.48,103849.35,300.9,44,8,3,1,1,1
724,1,65,67,2,15958.46,1072988.79,45.6,91,9,0,0,1,1
725,1,35,7,0,19369.97,132388.73,325.2,142,5,2,1,1,0
726,1,24,52,1,13553.67,713854.6,314.4,151,6,1,0,1,1
727,1,27,14,2,18045.96,233166.29,321.0,167,9,2,0,1,1
728,1,24,15,0,23476.54,387150.95,157.0,13,7,3,1,1,1
729,0,50,21,2,10331.42,213729.54,430.5,176,10,2,0,0,1
730,1,40,35,2,18140.86,615657.51,479.9,162,9,1,0,1,1
731,1,38,66,0,12678.66,871971.93,112.8,165,0,1,0,0,1
732,1,36,2,1,17348.39,33752.33,48.6,159,7,3,0,1,1
733,0,65,35,0,19427.99,725303.6,101.3,168,3,1,0,1,1
734,0,36,20,2,2568.13,50892.85,411.2,32,9,0,1,1,0
735,1,53,10,2,16695.11,174282.2,339.9,57,7,1,1,0,1
736,0,46,25,2,6828.42,157308.13,319.8,157,5,0,1,1,0
737,1,35,66,0,17245.76,1217012.13,203.9,134,10,2,0,1,1
738,1,19,25,1,12505.76,327383.16,291.0,175,8,0,0,1,1
739,0,18,54,2,19678.49,1001370.29,157.4,64,10,0,0,1,1
740,1,64,33,2,4399.92,134896.65,241.2,77,3,2,0,0,1
741,0,22,36,2,16218.58,562416.64,397.6,97,1,1,0,0,1
742,0,37,14,2,8044.06,123339.55,490.7,10,1,0,0,0,1
743,1,28,65,0,21545.08,1332322.12,466.6,144,4,1,2,0,0
744,1,59,54,0,23317.01,1248070.33,467.3,194,9,2,0,0,1
745,0,19,52,1,24915.36,1173817.68,204.1,104,8,3,0,1,1
746,1,20,3,0,20206.17,59372.53,237.1,149,2,1,1,1,0
747,1,40,41,2,19212.75,798958.83,354.3,115,7,1,0,1,1
748,1,72,6,1,6564.27,42954.94,461.5,142,3,3,1,0,0
749,0,29,25,0,9396.17,235690.52,75.3,117,5,3,1,1,0
750,0,37,13,2,12443.54,172090.16,155.6,187,9,2,2,0,0
751,1,22,8,2,19674.45,158879.14,73.9,51,5,1,0,1,1
752,0,54,21,2,23001.7,438672.25,307.9,111,2,1,1,0,0
753,0,55,68,0,5944.77,389287.99,156.6,133,4,2,0,1,1
754,0,47,25,0,23175.64,588145.54,166.4,149,2,1,1,1,0
755,0,26,68,2,17847.18,1322977.15,40.1,112,10,0,0,1,1
756,0,51,45,1,15853.11,764629.95,178.1,155,10,0,0,1,1
757,1,70,60,2,6196.27,351578.02,431.9,83,0,0,0,0,1
758,1,61,12,2,2804.84,31773.97,120.4,117,6,1,0,1,1
759,1,52,32,0,14858.93,447068.16,349.1,131,3,0,1,1,0
760,0,69,13,2,16810.62,237004.48,316.7,26,6,0,1,1,0
761,0,75,31,0,6453.36,214164.63,432.4,80,2,2,1,0,0
762,1,39,20,1,14576.72,307562.0,70.5,71,10,2,0,1,1
763,0,61,18,1,21627.59,380945.05,488.9,50,4,3,1,1,0
764,1,41,60,2,21124.05,1268553.46,293.4,128,4,3,0,1,1
765,1,34,63,1,23292.85,1456981.28,497.8,171,1,3,1,1,0
766,1,27,6,0,10098.32,57601.6,456.2,54,10,3,2,1,1
767,0,47,32,2,8974.16,287461.9,114.7,67,9,2,0,0,1
768,0,73,43,0,19111.51,744627.82,32.8,188,1,2,1,0,0
769,1,63,2,1,11631.14,21549.29,131.5,135,3,2,0,0,1
770,1,40,60,0,3557.39,229946.4,266.1,171,3,0,0,1,1
771,1,49,23,2,8145.83,196784.74,89.9,53,3,0,0,0,1
772,1,34,31,1,11336.68,346015.7,87.9,24,5,3,0,1,1
773,0,67,5,0,8374.14,42014.32,234.0,87,1,0,1,1,1
774,0,68,34,0,9306.83,308204.91,21.5,79,5,1,0,1,1
775,1,34,10,2,8403.73,88084.2,65.3,187,6,2,0,1,1
776,1,31,2,2,2475.23,5231.83,210.9,110,10,3,0,0,1
777,0,26,11,0,16471.73,190729.91,36.2,169,9,3,1,0,1
778,0,57,50,0,15536.37,811404.28,201.4,12,2,1,2,0,0
779,1,19,31,0,16854.51,491611.12,239.6,95,10,0,1,1,0
780,1,62,56,1,6019.28,326156.27,228.4,83,7,3,1,0,0
781,1,42,9,2,8447.88,75572.38,435.2,60,1,0,0,0,1
782,0,56,21,0,16060.97,325866.33,267.4,76,10,0,0,1,1
783,0,26,28,0,15591.25,458814.08,236.7,85,7,1,0,0,1
784,0,71,62,0,13398.76,802371.13,208.3,102,10,3,0,1,1
785,1,39,7,0,9734.71,63212.58,409.7,185,4,0,1,0,1
786,1,60,16,2,22953.88,359846.36,448.1,154,1,0,0,0,1
787,0,63,4,0,9484.6,41579.84,427.4,16,6,1,1,0,1
788,0,21,4,0,12207.05,46151.26,338.4,22,1,1,0,1,1
789,1,43,40,2,17435.68,713071.7,73.0,129,5,0,0,0,1
790,0,75,17,0,14261.0,239187.04,142.1,75,9,1,0,0,1
791,0,46,52,2,9651.82,458834.55,27.8,13,2,0,1,0,0
792,1,62,52,2,11737.65,608877.88,465.8,147,8,3,1,0,0
793,0,51,36,2,20170.3,755490.35,332.1,97,2,2,1,1,0
794,1,40,38,2,8036.04,306176.92,374.4,26,10,1,0,1,1
795,1,54,50,2,4843.0,260171.1,159.2,61,2,2,2,0,0
796,1,28,63,1,8859.34,534577.95,423.6,143,4,0,0,0,1
797,1,23,63,2,21464.05,1240337.47,133.5,78,6,0,0,0,1
798,1,35,62,2,3591.26,242099.1,5.8,146,7,0,2,1,0
799,1,38,7,1,24804.86,169404.17,191.3,30,10,2,0,0,1
800,1,59,27,2,14213.57,389630.77,287.5,33,6,0,1,0,0
801,0,53,14,0,24643.87,365163.22,242.0,13,8,1,0,1,1
802,1,58,71,0,23566.42,1614423.59,431.7,161,4,3,0,1,1
803,1,55,5,0,12141.12,63330.08,57.2,196,9,3,2,1,0
804,0,51,55,1,6164.54,314327.47,279.1,12,10,1,0,0,1
805,0,34,2,2,5374.79,10300.88,258.9,77,2,3,1,1,0
806,0,54,62,1,7139.75,411209.7,144.3,110,5,2,0,1,1
807,1,42,21,2,18188.12,405725.45,412.0,177,4,0,1,0,0
808,0,55,21,2,7914.32,156981.54,377.7,185,3,0,0,1,1
809,1,75,10,0,9523.49,99375.78,367.8,63,1,0,0,0,1
810,1,29,58,2,12046.3,760630.62,438.7,44,6,2,0,0,1
811,1,40,39,2,22960.97,900451.71,362.8,65,4,2,0,1,1
812,1,70,5,1,5950.75,29991.95,119.8,117,3,2,2,0,0
813,0,59,65,0,1618.12,104358.12,354.3,49,7,1,0,1,1
814,0,39,13,2,2912.27,36541.17,157.3,77,8,2,0,1,1
815,1,38,53,2,22762.01,1200512.64,124.9,55,8,3,0,1,1
816,1,44,45,2,16716.64,767716.17,41.1,87,2,1,0,0,1
817,1,74,32,2,7916.45,277949.3,373.3,150,2,1,1,1,0
818,0,48,36,2,5664.02,221757.17,356.9,164,4,1,2,0,0
819,1,23,60,0,8415.27,541487.58,121.1,15,4,2,0,0,1
820,1,44,11,2,4197.73,49768.65,375.9,26,9,1,1,0,0
821,0,57,63,2,23626.02,1478868.35,459.3,173,1,2,0,1,1
822,0,51,21,1,19928.85,431684.12,58.5,108,0,2,0,0,1
823,1,29,52,1,12366.19,693850.77,120.2,90,7,1,1,0,0
824,0,62,55,0,21826.62,1174762.35,376.4,11,2,0,0,1,1
825,0,74,26,0,7362.27,209097.04,140.9,86,0,0,1,1,0
826,1,70,68,1,18352.33,1226939.34,314.2,189,0,1,1,0,0
827,0,24,34,2,21619.11,749909.9,45.2,75,10,0,0,0,1
828,1,27,52,1,9884.06,535537.83,228.8,61,1,3,2,1,0
829,0,62,52,0,19300.41,1094066.07,370.9,101,5,3,1,0,0
830,1,34,29,2,8434.2,232098.85,344.8,180,5,2,0,0,1
831,1,43,38,1,8523.14,339822.67,408.5,31,2,0,1,0,0
832,1,38,42,1,4015.84,169367.45,439.3,120,3,3,0,0,1
833,0,45,21,0,11841.36,237158.05,387.7,116,1,1,2,1,0
834,1,75,42,2,18648.23,826554.77,337.4,192,1,0,1,0,0
835,0,63,13,2,23595.19,309941.18,20.7,76,6,3,0,1,1
836,1,19,64,0,15689.23,1036437.83,269.8,197,0,3,0,0,1
837,1,71,17,2,21783.69,357205.98,23.7,195,6,1,1,1,0
838,0,60,9,2,20828.62,186755.51,405.0,149,0,2,0,0,1
839,1,18,41,1,5573.56,233879.42,163.8,78,5,1,0,1,1
840,1,68,1,2,12916.71,12671.06,283.4,93,2,2,0,0,1
841,0,70,2,0,4247.7,7982.91,143.3,112,7,3,0,1,1
842,1,53,60,0,17530.6,1148950.02,392.3,48,5,2,0,0,1
843,1,68,48,2,23822.64,1146109.32,443.8,22,10,3,0,0,1
844,1,43,29,0,4721.6,143332.37,202.3,50,1,3,0,1,1
845,1,46,10,2,18746.25,184127.44,432.1,66,7,0,1,1,0
846,0,38,58,0,16357.6,921252.32,137.2,190,4,2,0,1,1
847,0,28,60,1,15214.72,895933.57,269.7,21,7,2,0,1,1
848,1,57,21,1,10667.83,219956.0,430.1,22,7,2,0,1,1
849,0,28,28,2,9845.59,278112.4,166.3,129,5,1,0,0,1
850,1,53,34,1,2563.36,87911.96,477.3,106,1,0,0,1,1
851,0,66,8,2,6620.85,52936.65,65.3,66,7,0,0,1,1
852,1,56,59,2,1856.66,101541.61,14.0,49,10,0,0,0,1
853,1,57,72,0,15163.3,1090900.67,452.5,127,5,1,1,1,0
854,1,52,49,2,3987.55,182459.2,39.0,89,5,2,1,1,0
855,1,71,17,2,22015.96,346285.99,496.0,137,7,2,1,1,0
856,1,51,60,1,13793.86,899245.85,475.9,182,0,2,1,0,0
857,1,72,45,2,17942.71,824369.74,72.8,44,1,0,1,1,0
858,0,64,69,1,11155.14,794256.71,271.1,12,8,0,0,0,1
859,1,41,32,2,14673.63,460333.48,96.5,129,10,3,1,0,0
860,0,71,44,0,23652.49,1125835.62,216.9,14,7,1,0,1,1
861,1,39,65,1,3444.25,230052.12,35.4,20,6,1,1,0,0
862,0,22,8,2,7467.54,62956.38,115.8,135,6,0,1,1,0
863,0,73,72,0,19829.73,1390208.82,184.8,80,4,3,0,1,1
864,0,50,43,2,3820.32,179387.34,222.1,126,1,2,0,1,1
865,1,75,1,0,3278.04,3488.14,488.9,193,10,0,0,1,1
866,1,53,51,2,9996.22,545896.32,404.9,147,5,1,1,1,0
867,0,64,24,2,3665.95,82214.55,370.0,115,9,1,1,0,0
868,1,37,24,2,15249.34,349219.39,270.8,125,2,1,1,0,0
869,0,36,17,1,6817.47,110927.94,420.8,171,3,2,0,0,1
870,1,52,5,2,22548.9,107578.75,173.0,76,9,1,1,0,0
871,0,69,20,0,19912.25,426552.9,355.9,40,10,2,0,1,1
872,0,60,21,2,17943.07,341526.89,496.9,84,1,2,1,1,0
873,1,34,58,1,15998.18,849227.55,160.7,80,1,2,0,0,1
874,0,62,31,0,21791.44,644988.97,338.6,75,7,0,0,1,1
875,1,60,11,0,6741.96,69709.98,422.9,79,7,2,0,0,1
876,0,51,52,0,22018.06,1083538.24,458.3,50,9,3,1,0,0
877,0,26,15,0,20053.07,318720.08,360.4,169,5,1,2,0,0
878,1,43,7,1,19081.78,135258.85,145.4,29,4,0,0,0,1
879,1,19,28,2,14689.51,370650.35,166.5,194,7,1,0,1,1
880,1,70,51,0,7286.74,366370.67,15.3,187,3,2,2,1,0
881,0,26,58,2,11453.38,652057.7,381.6,162,10,0,0,0,1
882,1,26,5,0,20148.91,92965.97,26.2,149,3,3,1,0,1
883,0,57,5,1,2246.79,11629.7,433.0,48,4,2,0,0,1
884,0,34,8,1,19878.19,165453.24,63.7,154,0,1,0,0,1
885,1,18,64,0,7141.66,477258.81,90.1,54,0,3,1,0,0
886,1,42,10,1,4891.27,51147.73,240.9,148,1,2,1,1,0
887,0,60,38,2,4218.98,144290.81,370.3,79,7,3,0,0,1
888,0,57,8,0,2140.38,18677.54,73.8,134,6,2,0,0,1
889,1,59,25,0,13804.28,366794.13,222.8,160,9,0,1,1,0
890,1,42,66,2,6629.11,472871.38,244.0,100,8,2,0,1,1
891,1,56,50,2,24751.65,1117696.22,110.1,79,4,0,1,1,0
892,1,52,67,1,14999.26,1092151.74,62.2,175,1,2,0,1,1
893,1,20,49,2,4740.3,246665.91,419.0,139,6,2,0,1,1
894,0,67,36,1,17685.92,679634.14,253.7,93,7,1,2,1,0
895,0,54,68,2,22596.97,1411603.53,12.1,98,6,3,1,1,0
896,0,61,41,1,19011.72,816705.08,402.5,88,6,3,0,1,1
897,0,61,62,2,3296.34,223172.0,490.5,122,4,3,1,1,0
898,1,68,10,0,22553.28,233586.46,304.9,102,1,2,0,0,1
899,1,47,21,2,20157.34,429277.93,254.3,81,5,2,0,1,1
900,1,55,36,1,5220.14,204674.04,439.8,174,3,2,2,0,0
901,0,51,12,0,2716.97,32231.55,476.5,58,9,0,1,0,1
902,0,29,2,1,14596.8,29773.35,378.5,61,1,0,1,0,0
903,1,36,13,0,5166.84,66851.05,225.5,42,8,1,0,0,1
904,1,54,53,2,21112.89,1215852.7,298.1,31,6,2,0,0,1
905,0,61,32,1,9920.86,290551.65,352.0,123,5,3,0,0,1
906,0,66,16,0,22952.97,367329.76,101.2,142,4,3,0,0,1
907,1,34,32,0,14793.67,491098.0,226.4,27,2,1,1,0,0
908,1,27,32,2,5792.8,196191.72,415.8,175,9,3,0,1,1
909,0,74,11,1,4780.57,53459.4,329.1,127,9,1,1,0,0
910,1,72,10,0,15047.1,162777.05,208.5,126,3,2,0,0,1
911,1,66,15,1,19404.26,316793.45,333.4,46,2,3,0,0,1
912,1,64,17,0,19865.38,308284.58,63.5,73,10,2,0,0,1
913,0,29,40,1,7980.3,312979.1,203.7,147,7,0,0,1,1
914,0,33,18,1,6299.8,102588.79,397.6,88,2,3,0,0,1
915,0,41,55,2,1893.77,100603.85,114.2,179,6,0,2,1,0
916,0,36,25,2,17461.18,439748.31,97.1,132,6,3,0,1,1
917,0,25,59,2,3299.35,210654.85,475.7,185,6,2,2,0,0
918,0,48,22,2,11387.89,267898.28,108.9,53,6,1,0,0,1
919,0,38,30,0,15639.53,434231.52,134.2,91,1,2,2,1,0
920,1,34,44,0,23522.06,950730.32,485.0,96,9,2,0,0,1
921,1,40,32,0,8827.35,287518.36,368.7,25,2,2,2,0,0
922,1,54,51,2,7369.65,378266.47,351.3,63,9,3,0,1,1
923,1,71,46,0,16872.76,739881.9,427.2,111,8,1,1,1,0
924,1,33,21,2,16052.12,364025.21,62.3,172,2,0,2,0,0
925,1,23,32,1,9304.58,323195.94,354.4,107,1,2,0,0,1
926,1,25,39,0,23310.39,891397.92,254.3,165,8,3,0,0,1
927,0,42,12,2,21354.26,276254.21,415.4,11,9,0,0,1,1
928,0,35,47,2,6763.59,310510.46,256.5,103,8,2,2,0,0
929,1,42,18,1,7119.85,134227.26,312.0,150,3,0,0,1,1
930,1,29,21,1,13539.06,282952.24,241.5,178,8,2,0,1,1
931,0,32,13,1,19678.94,236515.6,241.7,68,2,0,0,0,1
932,1,43,21,1,2534.95,57790.08,385.1,78,6,0,0,1,1
933,1,58,8,0,17793.38,141040.2,316.1,128,6,1,1,0,1
934,0,62,46,1,16733.54,805841.78,318.5,101,10,1,0,0,1
935,1,43,7,2,6939.78,47287.96,227.9,190,7,2,1,1,0
936,0,64,23,0,17511.8,364015.2,267.9,54,9,3,2,0,0
937,1,49,22,1,23594.3,477603.69,374.1,157,3,1,0,1,1
938,0,27,22,0,2599.47,57145.1,413.8,33,2,0,1,1,0
939,0,33,29,2,9011.82,271271.94,349.8,198,2,1,0,0,1
940,0,24,13,0,11797.15,148293.85,462.4,100,4,1,1,0,1
941,1,34,2,2,22632.62,47035.01,411.1,103,10,2,0,0,1
942,0,40,29,2,24113.14,727061.48,283.1,67,0,1,1,0,0
943,1,43,52,2,11936.71,646025.89,337.3,164,9,1,0,1,1
944,1,38,27,2,19125.67,515620.76,463.5,163,2,0,0,1,1
945,1,39,50,0,13994.03,757760.79,311.5,137,5,1,0,1,1
946,1,75,23,1,14137.9,324469.1,413.3,16,2,0,0,0,1
947,0,24,44,0,8035.34,350038.16,346.0,179,4,1,1,1,0
948,0,31,22,2,6598.47,136438.38,278.2,56,8,1,0,1,1
949,1,32,43,1,8268.13,341852.73,124.7,62,1,3,1,0,0
950,1,70,37,1,14573.71,489870.13,215.9,196,10,1,0,0,1
951,0,24,61,2,2185.15,136854.04,484.0,47,1,0,1,0,0
952,1,26,56,2,22820.35,1213668.37,330.6,62,5,0,0,1,1
953,0,68,3,1,5172.67,14910.19,284.4,152,5,2,0,0,1
954,1,65,63,1,6672.08,443107.93,466.8,163,10,2,0,1,1
955,1,25,19,2,13679.49,250928.91,295.3,57,10,3,1,1,0
956,0,67,23,0,18187.7,396748.33,265.4,104,7,0,0,1,1
957,1,40,29,0,3749.63,101541.99,380.9,156,10,0,1,1,0
958,0,46,30,0,8965.83,283760.9,357.8,146,1,0,1,1,0
959,1,35,39,2,24263.85,876209.09,100.6,73,8,3,0,0,1
960,1,48,25,0,7665.06,189854.1,238.3,102,1,0,1,1,0
961,1,47,8,2,8856.68,70951.64,238.9,191,0,2,0,0,1
962,0,69,58,0,21157.71,1273138.18,192.2,134,9,3,0,1,1
963,1,56,16,0,2680.04,44023.7,261.1,188,1,2,1,1,0
964,1,52,72,1,12418.41,949690.18,209.5,48,6,2,1,0,0
965,1,35,1,2,10420.99,9472.16,103.7,13,7,3,1,1,0
966,1,59,5,0,8939.79,42879.17,209.1,135,4,1,0,1,1
967,0,56,3,1,8213.94,23558.24,40.8,12,5,1,0,0,1
968,0,34,65,0,3647.29,220289.82,290.0,73,0,2,0,0,1
969,1,31,4,2,8898.41,34092.86,427.6,38,5,1,1,1,0
970,0,48,64,2,2511.73,154634.65,364.0,125,7,0,0,1,1
971,1,41,10,0,19852.65,199395.43,183.4,20,2,3,1,1,1
972,1,52,21,1,10858.35,235491.1,48.1,106,10,2,0,0,1
973,1,61,46,2,11931.74,535808.2,105.1,111,0,0,0,1,1
974,0,62,27,2,22499.47,634150.69,275.0,195,10,1,0,0,1
975,0,51,66,0,16964.29,1082955.87,107.5,164,3,0,0,0,1
976,0,20,41,0,1689.39,66359.79,274.3,30,0,1,0,1,1
977,0,54,13,1,23664.61,310174.15,119.6,48,7,2,1,0,0
978,0,60,9,0,7072.89,57592.35,425.2,111,4,0,1,1,1
979,0,57,36,2,4028.93,132851.88,201.6,55,0,3,0,1,1
980,0,43,58,2,19551.01,1115354.75,126.5,75,7,2,0,0,1
981,0,72,54,2,13261.22,779540.36,407.1,100,8,0,0,0,1
982,0,40,12,0,11693.61,146539.97,174.7,173,9,0,1,0,0
983,1,61,14,0,7363.32,94594.76,60.2,120,1,1,0,0,1
984,0,56,34,2,14365.58,522260.12,287.4,91,8,2,2,0,0
985,0,32,53,0,7948.04,440817.28,292.9,132,7,2,0,0,1
986,0,73,20,0,22687.2,463812.26,358.8,108,6,2,0,1,1
987,0,66,16,0,6557.31,111637.79,123.9,44,2,2,2,1,0
988,0,21,70,2,22282.35,1529851.29,224.7,168,1,1,0,1,1
989,0,46,56,1,14646.03,774493.96,144.8,165,6,3,0,0,1
990,0,39,58,0,20969.47,1219153.9,45.1,112,4,2,0,0,1
991,0,42,4,0,18251.88,73720.68,438.9,138,5,1,0,0,1
992,0,30,4,0,17872.34,72037.35,365.8,34,3,3,0,1,1
993,0,35,20,2,9122.13,184817.05,154.2,52,1,3,1,1,0
994,0,50,10,2,6996.58,76244.6,301.7,93,8,1,1,0,0
995,1,33,24,2,6455.83,167404.7,104.6,60,2,2,0,0,1
996,1,62,26,2,21644.0,605030.5,445.7,139,6,3,2,0,0
997,0,59,37,2,20780.03,815210.64,61.9,135,7,2,0,0,1
998,0,61,54,1,11853.48,696854.51,6.9,78,1,2,0,1,1
999,1,19,21,1,4611.51,89065.22,253.5,18,5,0,0,1,1
